{"loss": [2.6004457473754883, 1.588403582572937, 1.2061818838119507, 1.0262778997421265, 0.906554639339447, 0.8255258798599243, 0.7622380256652832, 0.7018964886665344, 0.6495354175567627, 0.6153713464736938, 0.5859467387199402, 0.5583963990211487, 0.5305073261260986, 0.5243320465087891, 0.5144105553627014, 0.5021260976791382, 0.4922816753387451, 0.4684416949748993, 0.4675443768501282, 0.4517044425010681, 0.4533202350139618, 0.44017013907432556, 0.4395706355571747, 0.4282229542732239, 0.41876089572906494, 0.4169047176837921, 0.41150546073913574, 0.41064441204071045, 0.40365585684776306, 0.40161919593811035, 0.40397295355796814, 0.397707998752594, 0.4003799855709076, 0.39033982157707214, 0.39253371953964233, 0.38638752698898315, 0.3814088702201843, 0.3863103985786438, 0.37475839257240295, 0.3768600821495056, 0.37981167435646057, 0.3769976496696472, 0.3720283508300781, 0.3710344433784485, 0.3679335415363312, 0.3684338629245758, 0.361989289522171, 0.36499643325805664, 0.35970669984817505, 0.3566032648086548], "accuracy": [0.2539156377315521, 0.517021119594574, 0.6264030337333679, 0.6789387464523315, 0.7177751064300537, 0.742343008518219, 0.7630983591079712, 0.78203284740448, 0.7999004125595093, 0.8080944418907166, 0.8182374238967896, 0.8284657597541809, 0.8356924653053284, 0.83821040391922, 0.8413258194923401, 0.8465182185173035, 0.8483675718307495, 0.8545131087303162, 0.8556511998176575, 0.8600896000862122, 0.8625079989433289, 0.8659790754318237, 0.8662493824958801, 0.8693079352378845, 0.8723379969596863, 0.8728643655776978, 0.8741446733474731, 0.875766396522522, 0.8777580261230469, 0.8774450421333313, 0.8786969184875488, 0.8812575340270996, 0.8798350095748901, 0.8824809789657593, 0.8831495642662048, 0.8824525475502014, 0.8857386708259583, 0.8847428560256958, 0.8878298401832581, 0.8856959939002991, 0.8872466087341309, 0.8870759010314941, 0.8889963626861572, 0.8900206089019775, 0.890475869178772, 0.8902909159660339, 0.8912582397460938, 0.8913151621818542, 0.89326411485672, 0.89326411485672], "val_loss": [1.5109162330627441, 0.9721599817276001, 0.6701478362083435, 0.651224672794342, 0.5630235075950623, 0.5777960419654846, 0.49684572219848633, 0.3687557578086853, 0.38755881786346436, 0.39869704842567444, 0.35427168011665344, 0.46580901741981506, 0.36102306842803955, 0.31011635065078735, 0.33723464608192444, 0.3094974458217621, 0.3187861442565918, 0.288449764251709, 0.3529372215270996, 0.1996891051530838, 0.35504987835884094, 0.3209407329559326, 0.21201947331428528, 0.1893945336341858, 0.22552600502967834, 0.25686007738113403, 0.29162952303886414, 0.20033366978168488, 0.1836453527212143, 0.2722862660884857, 0.2665192484855652, 0.2674243450164795, 0.3143783509731293, 0.2412685751914978, 0.33100712299346924, 0.2496505230665207, 0.2018861621618271, 0.3703163266181946, 0.20217987895011902, 0.34811046719551086, 0.23441725969314575, 0.25657781958580017, 0.22063875198364258, 0.17422978579998016, 0.2065395712852478, 0.21941635012626648, 0.19516173005104065, 0.2620026469230652, 0.2036571353673935, 0.16009719669818878], "val_accuracy": [0.5343159437179565, 0.6953107118606567, 0.788299560546875, 0.7881288528442383, 0.8211928009986877, 0.8089005351066589, 0.8461188077926636, 0.8864101767539978, 0.8850443959236145, 0.8737764358520508, 0.8928408622741699, 0.8657523393630981, 0.8967106938362122, 0.9041657447814941, 0.9024015665054321, 0.9007511734962463, 0.9030844569206238, 0.9105395078659058, 0.8902230858802795, 0.9370589852333069, 0.8913612365722656, 0.9113362431526184, 0.9321647882461548, 0.9418392777442932, 0.9275552034378052, 0.9278966784477234, 0.9168563485145569, 0.9400182366371155, 0.9414978623390198, 0.9180514216423035, 0.9189050793647766, 0.916458010673523, 0.9156612753868103, 0.9278966784477234, 0.9002389907836914, 0.9261893630027771, 0.9396767616271973, 0.9187912344932556, 0.9423514604568481, 0.9064989686012268, 0.9318233728408813, 0.934668779373169, 0.9345549941062927, 0.9468472599983215, 0.9371727705001831, 0.9360914826393127, 0.9403027296066284, 0.9270999431610107, 0.9409856796264648, 0.9521966576576233]}