{"loss": [1.9141377210617065, 1.4801775217056274, 1.3892625570297241, 1.326447606086731, 1.295771837234497, 1.2634539604187012, 1.2487244606018066, 1.236740231513977, 1.223134160041809, 1.2135213613510132, 1.1985039710998535, 1.1867157220840454, 1.18312668800354, 1.1726840734481812, 1.1673909425735474, 1.158700704574585, 1.1599284410476685, 1.1526002883911133, 1.1445248126983643, 1.136052131652832, 1.1408374309539795, 1.1240179538726807, 1.1265500783920288, 1.117733359336853, 1.114801049232483, 1.1167523860931396, 1.1018295288085938, 1.1112091541290283, 1.1016244888305664, 1.0976556539535522, 1.1029155254364014, 1.091867446899414, 1.0847625732421875, 1.0883265733718872, 1.0820766687393188, 1.0775632858276367, 1.0844780206680298, 1.0759063959121704, 1.0762970447540283, 1.070443034172058, 1.06807541847229, 1.0715965032577515, 1.0707762241363525, 1.058227300643921, 1.0596706867218018, 1.0629827976226807, 1.05807363986969, 1.059520959854126, 1.0561792850494385, 1.0585697889328003], "accuracy": [0.4152073264122009, 0.5249306559562683, 0.5529269576072693, 0.5709652304649353, 0.5806529521942139, 0.5901700258255005, 0.5914076566696167, 0.5978376865386963, 0.6010669469833374, 0.6064016222953796, 0.6103990077972412, 0.6138274669647217, 0.6136282682418823, 0.616587221622467, 0.6210967898368835, 0.6222206354141235, 0.6225193738937378, 0.6229746341705322, 0.6260900497436523, 0.6311686635017395, 0.6297745108604431, 0.6330322027206421, 0.6320648789405823, 0.6358204483985901, 0.637271523475647, 0.6371861696243286, 0.6405860781669617, 0.6401735544204712, 0.6416103839874268, 0.6424354314804077, 0.6406287550926208, 0.6442847847938538, 0.6474429368972778, 0.6458353996276855, 0.6495767831802368, 0.6479977369308472, 0.647841215133667, 0.6491784453392029, 0.6495056748390198, 0.6521089673042297, 0.6536738276481628, 0.6505014300346375, 0.6524219512939453, 0.6540863513946533, 0.6555658578872681, 0.6543993353843689, 0.655124843120575, 0.6564478278160095, 0.6560494899749756, 0.6549683213233948], "val_loss": [0.827234148979187, 0.6833041310310364, 0.6311252117156982, 0.603565514087677, 0.6068238019943237, 0.5537140369415283, 0.5601995587348938, 0.5214640498161316, 0.5094752311706543, 0.531657338142395, 0.5212574601173401, 0.5479676723480225, 0.5324236154556274, 0.5196999907493591, 0.5074835419654846, 0.5071501135826111, 0.4759120047092438, 0.48854249715805054, 0.49672192335128784, 0.5420782566070557, 0.46093782782554626, 0.47573360800743103, 0.4612467885017395, 0.44778794050216675, 0.4734736979007721, 0.4780029356479645, 0.4709378182888031, 0.44148728251457214, 0.480210542678833, 0.45216014981269836, 0.4461262822151184, 0.47813889384269714, 0.4480205178260803, 0.4564402997493744, 0.4310876429080963, 0.44287043809890747, 0.4642481505870819, 0.4516535699367523, 0.45060622692108154, 0.4266253411769867, 0.4346834421157837, 0.44772401452064514, 0.4319595396518707, 0.4376429319381714, 0.4460628032684326, 0.4439553916454315, 0.45818665623664856, 0.4311099350452423, 0.42389318346977234, 0.4256231188774109], "val_accuracy": [0.7321306467056274, 0.7900068163871765, 0.7994536757469177, 0.804461658000946, 0.8052583932876587, 0.8180059194564819, 0.8125426769256592, 0.8275665640830994, 0.835818350315094, 0.8309811353683472, 0.8322330713272095, 0.8177213668823242, 0.8233553171157837, 0.8314363956451416, 0.8321192860603333, 0.837582528591156, 0.8440132141113281, 0.8417937755584717, 0.8381516337394714, 0.8165262937545776, 0.8479399085044861, 0.8440701365470886, 0.8483951687812805, 0.8558502197265625, 0.8464033603668213, 0.8452652096748352, 0.8465172052383423, 0.8536877036094666, 0.8443546295166016, 0.8563054800033569, 0.857955813407898, 0.8400865197181702, 0.8547689318656921, 0.8477122783660889, 0.8603460192680359, 0.8571022152900696, 0.8469155430793762, 0.8550534844398499, 0.8524357080459595, 0.8555656671524048, 0.861598014831543, 0.8604598045349121, 0.8581835031509399, 0.8602321743965149, 0.8539722561836243, 0.8588663935661316, 0.8487935066223145, 0.8626223802566528, 0.8623378276824951, 0.861484169960022]}